"","Step","Df","Deviance","Resid. Df","Resid. Dev","AIC"
"1","",NA,NA,81,0.00898174919240203,-786.526780964522
"2","+ central:density",-1,0.000617442636834357,80,0.00836430655556768,-790.723026950864
"3","+ central:taxpc",-1,0.000538772720062496,79,0.00782553383550518,-794.51561543205
"4","+ west:taxpc",-1,0.000388467458618404,78,0.00743706637688678,-796.945262973679
"5","- urban",1,2.7210370928509e-05,79,0.00746427674781529,-798.627532567479
