"","Step","Df","Deviance","Resid. Df","Resid. Dev","AIC"
"1","",NA,NA,80,0.00898150538887214,-776.356415935047
"2","+ central:density",-1,0.000723287834026358,79,0.00825821755484578,-781.576867090752
"3","+ urban:taxpc",-1,0.000471178504605,78,0.00778703905024078,-784.629202011465
"4","+ central:taxpc",-1,0.00028118077372682,77,0.00750585827651396,-785.792013021228
"5","+ west:taxpc",-1,0.000329862270581593,76,0.00717599600593237,-787.657046607694
